Product_ID,Location_ID,date,Dependent Demand,Incoming Transport Receipts,Inventory Target,Outgoing Supply,Projected Stock - Calculated,Safety Stock (SOP),Stock on Hand,Total Open PO+STO
FG-100-001,DC1000,2025-07-21,250.0,0.0,100.0,250.0,550.0,100.0,800.0,0.0
FG-100-001,DC1000,2025-07-28,500.0,0.0,100.0,500.0,50.0,100.0,0.0,0.0
FG-100-001,DC1000,2025-08-04,250.0,0.0,100.0,50.0,-200.0,100.0,0.0,0.0
FG-100-001,DC1000,2025-08-11,250.0,0.0,100.0,0.0,-450.0,100.0,0.0,0.0
FG-100-001,DC1000,2025-08-18,250.0,0.0,100.0,0.0,-700.0,100.0,0.0,0.0
FG-100-001,DC1000,2025-08-25,250.0,0.0,100.0,0.0,-950.0,100.0,0.0,0.0
FG-100-001,DC1000,2025-09-01,250.0,0.0,100.0,0.0,-1200.0,100.0,0.0,0.0
FG-100-001,DC1000,2025-09-08,250.0,0.0,100.0,0.0,-1450.0,100.0,0.0,0.0
FG-100-001,DC1000,2025-09-15,166.0,0.0,100.0,0.0,-1616.0,100.0,0.0,0.0
FG-100-001,DC1000,2025-09-22,173.0,2000.0,100.0,1789.0,211.0,100.0,0.0,0.0
FG-100-001,DC1000,2025-09-29,398.0,500.0,100.0,398.0,313.0,100.0,0.0,0.0
FG-100-001,DC1000,2025-10-06,215.0,500.0,100.0,215.0,598.0,100.0,0.0,0.0
FG-100-001,DC1000,2025-10-13,231.0,0.0,100.0,231.0,367.0,100.0,0.0,0.0
FG-100-001,DC1000,2025-10-20,270.0,0.0,100.0,270.0,97.0,100.0,0.0,0.0
FG-100-001,DC1000,2025-10-27,589.0,500.0,100.0,589.0,8.0,100.0,0.0,0.0
FG-100-001,DC1000,2025-11-03,294.0,500.0,100.0,294.0,214.0,100.0,0.0,0.0
FG-100-001,DC1000,2025-11-10,324.0,500.0,100.0,324.0,390.0,100.0,0.0,0.0
FG-100-001,DC1000,2025-11-17,353.0,500.0,100.0,353.0,537.0,100.0,0.0,0.0
FG-100-001,DC1000,2025-11-24,393.0,0.0,100.0,393.0,144.0,100.0,0.0,0.0
FG-100-001,DC1000,2025-12-01,410.0,500.0,100.0,410.0,234.0,100.0,0.0,0.0
FG-100-001,DC1000,2025-12-08,412.0,500.0,100.0,412.0,322.0,100.0,0.0,0.0
FG-100-001,DC1000,2025-12-15,424.0,500.0,100.0,424.0,398.0,100.0,0.0,0.0
FG-100-001,DC1000,2025-12-22,428.0,500.0,100.0,428.0,470.0,100.0,0.0,0.0
FG-100-001,DC1000,2025-12-29,854.0,500.0,100.0,854.0,116.0,100.0,0.0,0.0
FG-100-001,DC1000,2026-01-05,427.0,500.0,100.0,427.0,189.0,100.0,0.0,0.0
FG-100-001,DC1000,2026-01-12,436.0,500.0,100.0,436.0,253.0,100.0,0.0,0.0
FG-100-001,DC1000,2026-01-19,448.0,500.0,100.0,448.0,305.0,100.0,0.0,0.0
FG-100-001,DC1000,2026-01-26,880.0,750.0,100.0,880.0,175.0,100.0,0.0,0.0
FG-100-001,DC1000,2026-02-02,489.0,500.0,100.0,489.0,186.0,100.0,0.0,0.0
FG-100-001,DC1000,2026-02-09,489.0,500.0,100.0,489.0,197.0,100.0,0.0,0.0
FG-100-001,DC1000,2026-02-16,481.0,500.0,100.0,481.0,216.0,100.0,0.0,0.0
FG-100-001,DC1000,2026-02-23,930.0,1000.0,100.0,930.0,286.0,100.0,0.0,0.0
FG-100-001,DC1000,2026-03-02,467.0,500.0,100.0,467.0,319.0,100.0,0.0,0.0
FG-100-001,DC1000,2026-03-09,453.0,500.0,100.0,453.0,366.0,100.0,0.0,0.0
FG-100-001,DC1000,2026-03-16,485.0,500.0,100.0,485.0,381.0,100.0,0.0,0.0
FG-100-001,DC1000,2026-03-23,485.0,500.0,100.0,485.0,396.0,100.0,0.0,0.0
FG-100-001,DC1000,2026-03-30,1032.0,750.0,100.0,1032.0,114.0,100.0,0.0,0.0
FG-100-001,DC1000,2026-04-06,541.0,750.0,100.0,541.0,323.0,100.0,0.0,0.0
FG-100-001,DC1000,2026-04-13,544.0,500.0,100.0,544.0,279.0,100.0,0.0,0.0
FG-100-001,DC1000,2026-04-20,537.0,500.0,100.0,537.0,242.0,100.0,0.0,0.0
FG-100-001,DC1000,2026-04-27,1101.0,1000.0,100.0,1101.0,141.0,100.0,0.0,0.0
FG-100-001,DC1000,2026-05-04,524.0,500.0,100.0,524.0,117.0,100.0,0.0,0.0
FG-100-001,DC1000,2026-05-11,563.0,750.0,100.0,563.0,304.0,100.0,0.0,0.0
FG-100-001,DC1000,2026-05-18,552.0,500.0,100.0,552.0,252.0,100.0,0.0,0.0
FG-100-001,DC1000,2026-05-25,548.0,500.0,100.0,548.0,204.0,100.0,0.0,0.0
FG-100-001,DC1000,2026-06-01,551.0,500.0,100.0,551.0,153.0,100.0,0.0,0.0
FG-100-001,DC1000,2026-06-08,560.0,750.0,100.0,560.0,343.0,100.0,0.0,0.0
FG-100-001,DC1000,2026-06-15,557.0,500.0,100.0,557.0,286.0,100.0,0.0,0.0
FG-100-001,DC1000,2026-06-22,552.0,500.0,100.0,552.0,234.0,100.0,0.0,0.0
FG-100-001,DC1000,2026-06-29,1130.0,1000.0,100.0,1130.0,104.0,100.0,0.0,0.0
FG-100-001,DC1000,2026-07-06,571.0,750.0,100.0,571.0,283.0,100.0,0.0,0.0
FG-100-001,DC1000,2026-07-13,633.0,500.0,100.0,633.0,150.0,100.0,0.0,0.0
FG-100-001,DC2000,2025-07-21,170.0,0.0,100.0,170.0,630.0,100.0,800.0,0.0
FG-100-001,DC2000,2025-07-28,251.0,0.0,100.0,251.0,379.0,100.0,0.0,0.0
FG-100-001,DC2000,2025-08-04,144.0,0.0,100.0,144.0,235.0,100.0,0.0,0.0
FG-100-001,DC2000,2025-08-11,121.0,0.0,100.0,121.0,114.0,100.0,0.0,0.0
FG-100-001,DC2000,2025-08-18,138.0,0.0,100.0,114.0,-24.0,100.0,0.0,0.0
FG-100-001,DC2000,2025-08-25,168.0,0.0,100.0,0.0,-192.0,100.0,0.0,0.0
FG-100-001,DC2000,2025-09-01,156.0,0.0,100.0,0.0,-348.0,100.0,0.0,0.0
FG-100-001,DC2000,2025-09-08,127.0,0.0,100.0,0.0,-475.0,100.0,0.0,0.0
FG-100-001,DC2000,2025-09-15,123.0,0.0,100.0,0.0,-598.0,100.0,0.0,0.0
FG-100-001,DC2000,2025-09-22,148.0,0.0,100.0,0.0,-746.0,100.0,0.0,0.0
FG-100-001,DC2000,2025-09-29,262.0,500.0,100.0,0.0,-508.0,100.0,0.0,0.0
FG-100-001,DC2000,2025-10-06,114.0,500.0,100.0,500.0,-122.0,100.0,0.0,0.0
FG-100-001,DC2000,2025-10-13,150.0,0.0,100.0,262.0,-272.0,100.0,0.0,0.0
FG-100-001,DC2000,2025-10-20,162.0,750.0,100.0,672.0,316.0,100.0,0.0,0.0
FG-100-001,DC2000,2025-10-27,690.0,500.0,100.0,690.0,126.0,100.0,0.0,0.0
FG-100-001,DC2000,2025-11-03,567.0,750.0,100.0,567.0,309.0,100.0,0.0,0.0
FG-100-001,DC2000,2025-11-10,632.0,500.0,100.0,632.0,177.0,100.0,0.0,0.0
FG-100-001,DC2000,2025-11-17,592.0,750.0,100.0,592.0,335.0,100.0,0.0,0.0
FG-100-001,DC2000,2025-11-24,591.0,500.0,100.0,591.0,244.0,100.0,0.0,0.0
FG-100-001,DC2000,2025-12-01,639.0,500.0,100.0,639.0,105.0,100.0,0.0,0.0
FG-100-001,DC2000,2025-12-08,555.0,750.0,100.0,555.0,300.0,100.0,0.0,0.0
FG-100-001,DC2000,2025-12-15,619.0,500.0,100.0,619.0,181.0,100.0,0.0,0.0
FG-100-001,DC2000,2025-12-22,634.0,750.0,100.0,634.0,297.0,100.0,0.0,0.0
FG-100-001,DC2000,2025-12-29,1138.0,1000.0,100.0,1138.0,159.0,100.0,0.0,0.0
FG-100-001,DC2000,2026-01-05,584.0,750.0,100.0,584.0,325.0,100.0,0.0,0.0
FG-100-001,DC2000,2026-01-12,609.0,500.0,100.0,609.0,216.0,100.0,0.0,0.0
FG-100-001,DC2000,2026-01-19,627.0,750.0,100.0,627.0,339.0,100.0,0.0,0.0
FG-100-001,DC2000,2026-01-26,1232.0,1000.0,100.0,1232.0,107.0,100.0,0.0,0.0
FG-100-001,DC2000,2026-02-02,571.0,750.0,100.0,571.0,286.0,100.0,0.0,0.0
FG-100-001,DC2000,2026-02-09,568.0,500.0,100.0,568.0,218.0,100.0,0.0,0.0
FG-100-001,DC2000,2026-02-16,609.0,500.0,100.0,609.0,109.0,100.0,0.0,0.0
FG-100-001,DC2000,2026-02-23,1114.0,1250.0,100.0,1114.0,245.0,100.0,0.0,0.0
FG-100-001,DC2000,2026-03-02,641.0,500.0,100.0,641.0,104.0,100.0,0.0,0.0
FG-100-001,DC2000,2026-03-09,645.0,750.0,100.0,645.0,209.0,100.0,0.0,0.0
FG-100-001,DC2000,2026-03-16,595.0,500.0,100.0,595.0,114.0,100.0,0.0,0.0
FG-100-001,DC2000,2026-03-23,619.0,750.0,100.0,619.0,245.0,100.0,0.0,0.0
FG-100-001,DC2000,2026-03-30,1260.0,1250.0,100.0,1260.0,235.0,100.0,0.0,0.0
FG-100-001,DC2000,2026-04-06,642.0,750.0,100.0,642.0,343.0,100.0,0.0,0.0
FG-100-001,DC2000,2026-04-13,644.0,500.0,100.0,644.0,199.0,100.0,0.0,0.0
FG-100-001,DC2000,2026-04-20,564.0,500.0,100.0,564.0,135.0,100.0,0.0,0.0
FG-100-001,DC2000,2026-04-27,1210.0,1250.0,100.0,1210.0,175.0,100.0,0.0,0.0
FG-100-001,DC2000,2026-05-04,621.0,750.0,100.0,621.0,304.0,100.0,0.0,0.0
FG-100-001,DC2000,2026-05-11,613.0,500.0,100.0,613.0,191.0,100.0,0.0,0.0
FG-100-001,DC2000,2026-05-18,633.0,0.0,100.0,191.0,-442.0,100.0,0.0,0.0
FG-100-001,DC2000,2026-05-25,625.0,0.0,100.0,0.0,-1067.0,100.0,0.0,0.0
FG-100-001,DC2000,2026-06-01,575.0,0.0,100.0,0.0,-1642.0,100.0,0.0,0.0
FG-100-001,DC2000,2026-06-08,630.0,0.0,100.0,0.0,-2272.0,100.0,0.0,0.0
FG-100-001,DC2000,2026-06-15,649.0,0.0,100.0,0.0,-2921.0,100.0,0.0,0.0
FG-100-001,DC2000,2026-06-22,612.0,0.0,100.0,0.0,-3533.0,100.0,0.0,0.0
FG-100-001,DC2000,2026-06-29,1123.0,0.0,100.0,0.0,-4656.0,100.0,0.0,0.0
FG-100-001,DC2000,2026-07-06,580.0,0.0,100.0,0.0,-5236.0,100.0,0.0,0.0
FG-100-001,DC2000,2026-07-13,631.0,0.0,100.0,0.0,-5867.0,100.0,0.0,0.0
FG-100-001,RDC1000,2025-07-21,2000.0,0.0,100.0,0.0,-2000.0,100.0,0.0,0.0
FG-100-001,RDC1000,2025-07-28,1000.0,0.0,100.0,0.0,-3000.0,100.0,0.0,0.0
FG-100-001,RDC1000,2025-08-04,0.0,0.0,100.0,0.0,-3000.0,100.0,0.0,0.0
FG-100-001,RDC1000,2025-08-11,0.0,2000.0,100.0,2000.0,-1000.0,100.0,0.0,0.0
FG-100-001,RDC1000,2025-08-18,1000.0,1000.0,100.0,1000.0,-1000.0,100.0,0.0,0.0
FG-100-001,RDC1000,2025-08-25,500.0,1000.0,100.0,1000.0,-500.0,100.0,0.0,0.0
FG-100-001,RDC1000,2025-09-01,0.0,0.0,100.0,0.0,-500.0,100.0,0.0,0.0
FG-100-001,RDC1000,2025-09-08,1000.0,1000.0,100.0,750.0,-500.0,100.0,0.0,0.0
FG-100-001,RDC1000,2025-09-15,1000.0,1000.0,100.0,1000.0,-500.0,100.0,0.0,0.0
FG-100-001,RDC1000,2025-09-22,500.0,1000.0,100.0,1250.0,0.0,100.0,0.0,0.0
FG-100-001,RDC1000,2025-09-29,1000.0,1000.0,100.0,1000.0,0.0,100.0,0.0,0.0
FG-100-001,RDC1000,2025-10-06,1250.0,1500.0,100.0,1250.0,250.0,100.0,0.0,0.0
FG-100-001,RDC1000,2025-10-13,500.0,1000.0,100.0,500.0,750.0,100.0,0.0,0.0
FG-100-001,RDC1000,2025-10-20,1000.0,1000.0,100.0,1000.0,750.0,100.0,0.0,0.0
FG-100-001,RDC1000,2025-10-27,1250.0,1000.0,100.0,1250.0,500.0,100.0,0.0,0.0
FG-100-001,RDC1000,2025-11-03,1000.0,1000.0,100.0,1000.0,500.0,100.0,0.0,0.0
FG-100-001,RDC1000,2025-11-10,1250.0,1500.0,100.0,1250.0,750.0,100.0,0.0,0.0
FG-100-001,RDC1000,2025-11-17,1500.0,1000.0,100.0,1500.0,250.0,100.0,0.0,0.0
FG-100-001,RDC1000,2025-11-24,1250.0,1000.0,100.0,1250.0,0.0,100.0,0.0,0.0
FG-100-001,RDC1000,2025-12-01,1000.0,1500.0,100.0,1000.0,500.0,100.0,0.0,0.0
FG-100-001,RDC1000,2025-12-08,1250.0,1500.0,100.0,1250.0,750.0,100.0,0.0,0.0
FG-100-001,RDC1000,2025-12-15,1750.0,1500.0,100.0,1750.0,500.0,100.0,0.0,0.0
FG-100-001,RDC1000,2025-12-22,1250.0,1500.0,100.0,1250.0,750.0,100.0,0.0,0.0
FG-100-001,RDC1000,2025-12-29,1000.0,1500.0,100.0,1000.0,1250.0,100.0,0.0,0.0
FG-100-001,RDC1000,2026-01-05,1000.0,0.0,100.0,1000.0,250.0,100.0,0.0,0.0
FG-100-001,RDC1000,2026-01-12,2250.0,2500.0,100.0,2250.0,500.0,100.0,0.0,0.0
FG-100-001,RDC1000,2026-01-19,1000.0,1500.0,100.0,1000.0,1000.0,100.0,0.0,0.0
FG-100-001,RDC1000,2026-01-26,1250.0,1000.0,100.0,1250.0,750.0,100.0,0.0,0.0
FG-100-001,RDC1000,2026-02-02,1000.0,1000.0,100.0,1000.0,750.0,100.0,0.0,0.0
FG-100-001,RDC1000,2026-02-09,1250.0,1000.0,100.0,1250.0,500.0,100.0,0.0,0.0
FG-100-001,RDC1000,2026-02-16,2000.0,2000.0,100.0,2000.0,500.0,100.0,0.0,0.0
FG-100-001,RDC1000,2026-02-23,1500.0,1500.0,100.0,1500.0,500.0,100.0,0.0,0.0
FG-100-001,RDC1000,2026-03-02,1000.0,1000.0,100.0,1000.0,500.0,100.0,0.0,0.0
FG-100-001,RDC1000,2026-03-09,1000.0,1500.0,100.0,1000.0,1000.0,100.0,0.0,0.0
FG-100-001,RDC1000,2026-03-16,2250.0,2000.0,100.0,2250.0,750.0,100.0,0.0,0.0
FG-100-001,RDC1000,2026-03-23,1250.0,1000.0,100.0,1250.0,500.0,100.0,0.0,0.0
FG-100-001,RDC1000,2026-03-30,1250.0,1000.0,100.0,1250.0,250.0,100.0,0.0,0.0
FG-100-001,RDC1000,2026-04-06,1250.0,1500.0,100.0,500.0,500.0,100.0,0.0,0.0
FG-100-001,RDC1000,2026-04-13,1000.0,0.0,100.0,500.0,-500.0,100.0,0.0,0.0
FG-100-001,RDC1000,2026-04-20,1000.0,0.0,100.0,500.0,-1500.0,100.0,0.0,0.0
FG-100-001,RDC1000,2026-04-27,1500.0,1000.0,100.0,750.0,-2000.0,100.0,0.0,0.0
FG-100-001,RDC1000,2026-05-04,1250.0,1000.0,100.0,500.0,-2250.0,100.0,0.0,0.0
FG-100-001,RDC1000,2026-05-11,1000.0,0.0,100.0,500.0,-3250.0,100.0,0.0,0.0
FG-100-001,RDC1000,2026-05-18,2250.0,1000.0,100.0,1000.0,-4500.0,100.0,0.0,0.0
FG-100-001,RDC1000,2026-05-25,1250.0,1000.0,100.0,750.0,-4750.0,100.0,0.0,0.0
FG-100-001,RDC1000,2026-06-01,1000.0,0.0,100.0,500.0,-5750.0,100.0,0.0,0.0
FG-100-001,RDC1000,2026-06-08,0.0,0.0,100.0,0.0,-5750.0,100.0,0.0,0.0
FG-100-001,RDC1000,2026-06-15,0.0,0.0,100.0,0.0,-5750.0,100.0,0.0,0.0
FG-100-001,RDC1000,2026-06-22,0.0,0.0,100.0,0.0,-5750.0,100.0,0.0,0.0
FG-100-001,RDC1000,2026-06-29,0.0,0.0,100.0,0.0,-5750.0,100.0,0.0,0.0
FG-100-001,RDC1000,2026-07-06,0.0,0.0,100.0,0.0,-5750.0,100.0,0.0,0.0
FG-100-001,RDC1000,2026-07-13,0.0,0.0,100.0,0.0,-5750.0,100.0,0.0,0.0
FG-200-001,DC1000,2025-07-21,156.0,0.0,100.0,156.0,644.0,100.0,800.0,0.0
FG-200-001,DC1000,2025-07-28,236.0,0.0,100.0,236.0,408.0,100.0,0.0,0.0
FG-200-001,DC1000,2025-08-04,101.0,0.0,100.0,101.0,307.0,100.0,0.0,0.0
FG-200-001,DC1000,2025-08-11,115.0,0.0,100.0,115.0,192.0,100.0,0.0,0.0
FG-200-001,DC1000,2025-08-18,123.0,0.0,100.0,123.0,69.0,100.0,0.0,0.0
FG-200-001,DC1000,2025-08-25,152.0,0.0,100.0,69.0,-83.0,100.0,0.0,0.0
FG-200-001,DC1000,2025-09-01,110.0,0.0,100.0,0.0,-193.0,100.0,0.0,0.0
FG-200-001,DC1000,2025-09-08,169.0,0.0,100.0,0.0,-362.0,100.0,0.0,0.0
FG-200-001,DC1000,2025-09-15,104.0,0.0,100.0,0.0,-466.0,100.0,0.0,0.0
FG-200-001,DC1000,2025-09-22,125.0,0.0,100.0,0.0,-591.0,100.0,0.0,0.0
FG-200-001,DC1000,2025-09-29,237.0,1000.0,100.0,828.0,172.0,100.0,0.0,0.0
FG-200-001,DC1000,2025-10-06,119.0,0.0,100.0,119.0,53.0,100.0,0.0,0.0
FG-200-001,DC1000,2025-10-13,135.0,0.0,100.0,53.0,-82.0,100.0,0.0,0.0
FG-200-001,DC1000,2025-10-20,167.0,500.0,100.0,249.0,251.0,100.0,0.0,0.0
FG-200-001,DC1000,2025-10-27,680.0,500.0,100.0,680.0,71.0,100.0,0.0,0.0
FG-200-001,DC1000,2025-11-03,630.0,750.0,100.0,630.0,191.0,100.0,0.0,0.0
FG-200-001,DC1000,2025-11-10,604.0,500.0,100.0,604.0,87.0,100.0,0.0,0.0
FG-200-001,DC1000,2025-11-17,614.0,750.0,100.0,614.0,223.0,100.0,0.0,0.0
FG-200-001,DC1000,2025-11-24,581.0,500.0,100.0,581.0,142.0,100.0,0.0,0.0
FG-200-001,DC1000,2025-12-01,599.0,500.0,100.0,599.0,43.0,100.0,0.0,0.0
FG-200-001,DC1000,2025-12-08,583.0,750.0,100.0,583.0,210.0,100.0,0.0,0.0
FG-200-001,DC1000,2025-12-15,612.0,500.0,100.0,612.0,98.0,100.0,0.0,0.0
FG-200-001,DC1000,2025-12-22,554.0,750.0,100.0,554.0,294.0,100.0,0.0,0.0
FG-200-001,DC1000,2025-12-29,1205.0,1000.0,100.0,1205.0,89.0,100.0,0.0,0.0
FG-200-001,DC1000,2026-01-05,613.0,750.0,100.0,613.0,226.0,100.0,0.0,0.0
FG-200-001,DC1000,2026-01-12,581.0,500.0,100.0,581.0,145.0,100.0,0.0,0.0
FG-200-001,DC1000,2026-01-19,586.0,750.0,100.0,586.0,309.0,100.0,0.0,0.0
FG-200-001,DC1000,2026-01-26,1171.0,1000.0,100.0,1171.0,138.0,100.0,0.0,0.0
FG-200-001,DC1000,2026-02-02,555.0,500.0,100.0,555.0,83.0,100.0,0.0,0.0
FG-200-001,DC1000,2026-02-09,564.0,500.0,100.0,564.0,19.0,100.0,0.0,0.0
FG-200-001,DC1000,2026-02-16,635.0,750.0,100.0,635.0,134.0,100.0,0.0,0.0
FG-200-001,DC1000,2026-02-23,1205.0,1250.0,100.0,1205.0,179.0,100.0,0.0,0.0
FG-200-001,DC1000,2026-03-02,617.0,750.0,100.0,617.0,312.0,100.0,0.0,0.0
FG-200-001,DC1000,2026-03-09,626.0,500.0,100.0,626.0,186.0,100.0,0.0,0.0
FG-200-001,DC1000,2026-03-16,611.0,500.0,100.0,611.0,75.0,100.0,0.0,0.0
FG-200-001,DC1000,2026-03-23,574.0,750.0,100.0,574.0,251.0,100.0,0.0,0.0
FG-200-001,DC1000,2026-03-30,1152.0,1250.0,100.0,1152.0,349.0,100.0,0.0,0.0
FG-200-001,DC1000,2026-04-06,603.0,500.0,100.0,603.0,246.0,100.0,0.0,0.0
FG-200-001,DC1000,2026-04-13,619.0,500.0,100.0,619.0,127.0,100.0,0.0,0.0
FG-200-001,DC1000,2026-04-20,595.0,750.0,100.0,595.0,282.0,100.0,0.0,0.0
FG-200-001,DC1000,2026-04-27,1155.0,1000.0,100.0,1155.0,127.0,100.0,0.0,0.0
FG-200-001,DC1000,2026-05-04,561.0,500.0,100.0,561.0,66.0,100.0,0.0,0.0
FG-200-001,DC1000,2026-05-11,585.0,750.0,100.0,585.0,231.0,100.0,0.0,0.0
FG-200-001,DC1000,2026-05-18,643.0,750.0,100.0,643.0,338.0,100.0,0.0,0.0
FG-200-001,DC1000,2026-05-25,641.0,500.0,100.0,641.0,197.0,100.0,0.0,0.0
FG-200-001,DC1000,2026-06-01,604.0,500.0,100.0,604.0,93.0,100.0,0.0,0.0
FG-200-001,DC1000,2026-06-08,604.0,750.0,100.0,604.0,239.0,100.0,0.0,0.0
FG-200-001,DC1000,2026-06-15,558.0,500.0,100.0,558.0,181.0,100.0,0.0,0.0
FG-200-001,DC1000,2026-06-22,623.0,750.0,100.0,623.0,308.0,100.0,0.0,0.0
FG-200-001,DC1000,2026-06-29,1259.0,1000.0,100.0,1259.0,49.0,100.0,0.0,0.0
FG-200-001,DC1000,2026-07-06,581.0,750.0,100.0,581.0,218.0,100.0,0.0,0.0
FG-200-001,DC1000,2026-07-13,551.0,500.0,100.0,551.0,167.0,100.0,0.0,0.0
FG-200-001,DC2000,2025-07-21,50.0,0.0,100.0,50.0,750.0,100.0,800.0,0.0
FG-200-001,DC2000,2025-07-28,100.0,0.0,100.0,100.0,650.0,100.0,0.0,0.0
FG-200-001,DC2000,2025-08-04,50.0,0.0,100.0,50.0,600.0,100.0,0.0,0.0
FG-200-001,DC2000,2025-08-11,50.0,0.0,100.0,50.0,550.0,100.0,0.0,0.0
FG-200-001,DC2000,2025-08-18,50.0,0.0,100.0,50.0,500.0,100.0,0.0,0.0
FG-200-001,DC2000,2025-08-25,50.0,0.0,100.0,50.0,450.0,100.0,0.0,0.0
FG-200-001,DC2000,2025-09-01,50.0,0.0,100.0,50.0,400.0,100.0,0.0,0.0
FG-200-001,DC2000,2025-09-08,50.0,0.0,100.0,50.0,350.0,100.0,0.0,0.0
FG-200-001,DC2000,2025-09-15,50.0,0.0,100.0,50.0,300.0,100.0,0.0,0.0
FG-200-001,DC2000,2025-09-22,122.0,0.0,100.0,122.0,178.0,100.0,0.0,0.0
FG-200-001,DC2000,2025-09-29,250.0,0.0,100.0,178.0,-72.0,100.0,0.0,0.0
FG-200-001,DC2000,2025-10-06,134.0,0.0,100.0,0.0,-206.0,100.0,0.0,0.0
FG-200-001,DC2000,2025-10-13,134.0,0.0,100.0,0.0,-340.0,100.0,0.0,0.0
FG-200-001,DC2000,2025-10-20,123.0,500.0,100.0,463.0,37.0,100.0,0.0,0.0
FG-200-001,DC2000,2025-10-27,737.0,500.0,100.0,537.0,-200.0,100.0,0.0,0.0
FG-200-001,DC2000,2025-11-03,639.0,0.0,100.0,0.0,-839.0,100.0,0.0,0.0
FG-200-001,DC2000,2025-11-10,568.0,500.0,100.0,500.0,-907.0,100.0,0.0,0.0
FG-200-001,DC2000,2025-11-17,556.0,1000.0,100.0,1000.0,-463.0,100.0,0.0,0.0
FG-200-001,DC2000,2025-11-24,579.0,500.0,100.0,500.0,-542.0,100.0,0.0,0.0
FG-200-001,DC2000,2025-12-01,623.0,500.0,100.0,500.0,-665.0,100.0,0.0,0.0
FG-200-001,DC2000,2025-12-08,612.0,0.0,100.0,0.0,-1277.0,100.0,0.0,0.0
FG-200-001,DC2000,2025-12-15,559.0,1000.0,100.0,1000.0,-836.0,100.0,0.0,0.0
FG-200-001,DC2000,2025-12-22,575.0,0.0,100.0,0.0,-1411.0,100.0,0.0,0.0
FG-200-001,DC2000,2025-12-29,1194.0,1500.0,100.0,1500.0,-1105.0,100.0,0.0,0.0
FG-200-001,DC2000,2026-01-05,563.0,0.0,100.0,0.0,-1668.0,100.0,0.0,0.0
FG-200-001,DC2000,2026-01-12,571.0,1000.0,100.0,500.0,-1239.0,100.0,0.0,0.0
FG-200-001,DC2000,2026-01-19,583.0,500.0,100.0,1000.0,-1322.0,100.0,0.0,0.0
FG-200-001,DC2000,2026-01-26,1197.0,0.0,100.0,0.0,-2519.0,100.0,0.0,0.0
FG-200-001,DC2000,2026-02-02,636.0,0.0,100.0,0.0,-3155.0,100.0,0.0,0.0
FG-200-001,DC2000,2026-02-09,640.0,0.0,100.0,0.0,-3795.0,100.0,0.0,0.0
FG-200-001,DC2000,2026-02-16,589.0,0.0,100.0,0.0,-4384.0,100.0,0.0,0.0
FG-200-001,DC2000,2026-02-23,1126.0,0.0,100.0,0.0,-5510.0,100.0,0.0,0.0
FG-200-001,DC2000,2026-03-02,628.0,0.0,100.0,0.0,-6138.0,100.0,0.0,0.0
FG-200-001,DC2000,2026-03-09,573.0,0.0,100.0,0.0,-6711.0,100.0,0.0,0.0
FG-200-001,DC2000,2026-03-16,556.0,0.0,100.0,0.0,-7267.0,100.0,0.0,0.0
FG-200-001,DC2000,2026-03-23,617.0,0.0,100.0,0.0,-7884.0,100.0,0.0,0.0
FG-200-001,DC2000,2026-03-30,1215.0,0.0,100.0,0.0,-9099.0,100.0,0.0,0.0
FG-200-001,DC2000,2026-04-06,554.0,0.0,100.0,0.0,-9653.0,100.0,0.0,0.0
FG-200-001,DC2000,2026-04-13,572.0,0.0,100.0,0.0,-10225.0,100.0,0.0,0.0
FG-200-001,DC2000,2026-04-20,620.0,0.0,100.0,0.0,-10845.0,100.0,0.0,0.0
FG-200-001,DC2000,2026-04-27,1219.0,0.0,100.0,0.0,-12064.0,100.0,0.0,0.0
FG-200-001,DC2000,2026-05-04,574.0,1000.0,100.0,1000.0,-11638.0,100.0,0.0,0.0
FG-200-001,DC2000,2026-05-11,642.0,1000.0,100.0,1000.0,-11280.0,100.0,0.0,0.0
FG-200-001,DC2000,2026-05-18,601.0,500.0,100.0,500.0,-11381.0,100.0,0.0,0.0
FG-200-001,DC2000,2026-05-25,608.0,1500.0,100.0,1500.0,-10489.0,100.0,0.0,0.0
FG-200-001,DC2000,2026-06-01,593.0,500.0,100.0,0.0,-10582.0,100.0,0.0,0.0
FG-200-001,DC2000,2026-06-08,564.0,0.0,100.0,0.0,-11146.0,100.0,0.0,0.0
FG-200-001,DC2000,2026-06-15,572.0,500.0,100.0,1000.0,-11218.0,100.0,0.0,0.0
FG-200-001,DC2000,2026-06-22,607.0,1500.0,100.0,1500.0,-10325.0,100.0,0.0,0.0
FG-200-001,DC2000,2026-06-29,1196.0,500.0,100.0,500.0,-11021.0,100.0,0.0,0.0
FG-200-001,DC2000,2026-07-06,624.0,0.0,100.0,0.0,-11645.0,100.0,0.0,0.0
FG-200-001,DC2000,2026-07-13,644.0,12500.0,100.0,12289.0,211.0,100.0,0.0,0.0
FG-200-001,RDC1000,2025-07-21,0.0,0.0,100.0,0.0,0.0,100.0,0.0,0.0
FG-200-001,RDC1000,2025-07-28,0.0,0.0,100.0,0.0,0.0,100.0,0.0,0.0
FG-200-001,RDC1000,2025-08-04,0.0,0.0,100.0,0.0,0.0,100.0,0.0,0.0
FG-200-001,RDC1000,2025-08-11,500.0,0.0,100.0,0.0,-500.0,100.0,0.0,0.0
FG-200-001,RDC1000,2025-08-18,0.0,0.0,100.0,0.0,-500.0,100.0,0.0,0.0
FG-200-001,RDC1000,2025-08-25,0.0,0.0,100.0,0.0,-500.0,100.0,0.0,0.0
FG-200-001,RDC1000,2025-09-01,0.0,0.0,100.0,0.0,-500.0,100.0,0.0,0.0
FG-200-001,RDC1000,2025-09-08,500.0,0.0,100.0,0.0,-1000.0,100.0,0.0,0.0
FG-200-001,RDC1000,2025-09-15,0.0,0.0,100.0,0.0,-1000.0,100.0,0.0,0.0
FG-200-001,RDC1000,2025-09-22,500.0,1000.0,100.0,1000.0,-500.0,100.0,0.0,0.0
FG-200-001,RDC1000,2025-09-29,500.0,0.0,100.0,0.0,-1000.0,100.0,0.0,0.0
FG-200-001,RDC1000,2025-10-06,0.0,0.0,100.0,0.0,-1000.0,100.0,0.0,0.0
FG-200-001,RDC1000,2025-10-13,500.0,1000.0,100.0,1000.0,-500.0,100.0,0.0,0.0
FG-200-001,RDC1000,2025-10-20,1250.0,1000.0,100.0,1000.0,-750.0,100.0,0.0,0.0
FG-200-001,RDC1000,2025-10-27,1000.0,1000.0,100.0,750.0,-750.0,100.0,0.0,0.0
FG-200-001,RDC1000,2025-11-03,1500.0,1000.0,100.0,1000.0,-1250.0,100.0,0.0,0.0
FG-200-001,RDC1000,2025-11-10,1000.0,1500.0,100.0,1750.0,-750.0,100.0,0.0,0.0
FG-200-001,RDC1000,2025-11-17,1000.0,1000.0,100.0,1000.0,-750.0,100.0,0.0,0.0
FG-200-001,RDC1000,2025-11-24,1500.0,1000.0,100.0,1000.0,-1250.0,100.0,0.0,0.0
FG-200-001,RDC1000,2025-12-01,1000.0,1000.0,100.0,750.0,-1250.0,100.0,0.0,0.0
FG-200-001,RDC1000,2025-12-08,1250.0,2000.0,100.0,1500.0,-500.0,100.0,0.0,0.0
FG-200-001,RDC1000,2025-12-15,1250.0,0.0,100.0,750.0,-1750.0,100.0,0.0,0.0
FG-200-001,RDC1000,2025-12-22,2250.0,2500.0,100.0,2500.0,-1500.0,100.0,0.0,0.0
FG-200-001,RDC1000,2025-12-29,1250.0,1000.0,100.0,750.0,-1750.0,100.0,0.0,0.0
FG-200-001,RDC1000,2026-01-05,1000.0,1500.0,100.0,1500.0,-1250.0,100.0,0.0,0.0
FG-200-001,RDC1000,2026-01-12,1250.0,1000.0,100.0,1250.0,-1500.0,100.0,0.0,0.0
FG-200-001,RDC1000,2026-01-19,2250.0,1000.0,100.0,1000.0,-2750.0,100.0,0.0,0.0
FG-200-001,RDC1000,2026-01-26,1500.0,1000.0,100.0,500.0,-3250.0,100.0,0.0,0.0
FG-200-001,RDC1000,2026-02-02,1000.0,1000.0,100.0,500.0,-3250.0,100.0,0.0,0.0
FG-200-001,RDC1000,2026-02-09,1000.0,0.0,100.0,750.0,-4250.0,100.0,0.0,0.0
FG-200-001,RDC1000,2026-02-16,2500.0,1000.0,100.0,1250.0,-5750.0,100.0,0.0,0.0
FG-200-001,RDC1000,2026-02-23,1250.0,1000.0,100.0,750.0,-6000.0,100.0,0.0,0.0
FG-200-001,RDC1000,2026-03-02,1250.0,1000.0,100.0,500.0,-6250.0,100.0,0.0,0.0
FG-200-001,RDC1000,2026-03-09,1250.0,0.0,100.0,500.0,-7500.0,100.0,0.0,0.0
FG-200-001,RDC1000,2026-03-16,1000.0,1000.0,100.0,750.0,-7500.0,100.0,0.0,0.0
FG-200-001,RDC1000,2026-03-23,2500.0,1000.0,100.0,1250.0,-9000.0,100.0,0.0,0.0
FG-200-001,RDC1000,2026-03-30,1250.0,1000.0,100.0,500.0,-9250.0,100.0,0.0,0.0
FG-200-001,RDC1000,2026-04-06,1000.0,0.0,100.0,500.0,-10250.0,100.0,0.0,0.0
FG-200-001,RDC1000,2026-04-13,1250.0,1000.0,100.0,750.0,-10500.0,100.0,0.0,0.0
FG-200-001,RDC1000,2026-04-20,2250.0,1000.0,100.0,1000.0,-11750.0,100.0,0.0,0.0
FG-200-001,RDC1000,2026-04-27,1250.0,1000.0,100.0,1500.0,-12000.0,100.0,0.0,0.0
FG-200-001,RDC1000,2026-05-04,1250.0,2000.0,100.0,1750.0,-11250.0,100.0,0.0,0.0
FG-200-001,RDC1000,2026-05-11,1250.0,1000.0,100.0,1250.0,-11500.0,100.0,0.0,0.0
FG-200-001,RDC1000,2026-05-18,1250.0,2000.0,100.0,2000.0,-10750.0,100.0,0.0,0.0
FG-200-001,RDC1000,2026-05-25,1250.0,1000.0,100.0,1000.0,-11000.0,100.0,0.0,0.0
FG-200-001,RDC1000,2026-06-01,1000.0,1000.0,100.0,750.0,-11000.0,100.0,0.0,0.0
FG-200-001,RDC1000,2026-06-08,1250.0,1000.0,100.0,1000.0,-11250.0,100.0,0.0,0.0
FG-200-001,RDC1000,2026-06-15,1250.0,2000.0,100.0,2250.0,-10500.0,100.0,0.0,0.0
FG-200-001,RDC1000,2026-06-22,2500.0,1500.0,100.0,1500.0,-11500.0,100.0,0.0,0.0
FG-200-001,RDC1000,2026-06-29,1000.0,1000.0,100.0,750.0,-11500.0,100.0,0.0,0.0
FG-200-001,RDC1000,2026-07-06,1250.0,13000.0,100.0,13000.0,250.0,100.0,0.0,0.0
FG-200-001,RDC1000,2026-07-13,0.0,0.0,100.0,0.0,250.0,100.0,0.0,0.0
FG-300-001,DC1000,2025-07-21,267.0,0.0,100.0,250.0,-17.0,100.0,250.0,0.0
FG-300-001,DC1000,2025-07-28,508.0,0.0,100.0,0.0,-525.0,100.0,0.0,0.0
FG-300-001,DC1000,2025-08-04,362.0,0.0,100.0,0.0,-887.0,100.0,0.0,0.0
FG-300-001,DC1000,2025-08-11,472.0,0.0,100.0,0.0,-1359.0,100.0,0.0,0.0
FG-300-001,DC1000,2025-08-18,384.0,0.0,100.0,0.0,-1743.0,100.0,0.0,0.0
FG-300-001,DC1000,2025-08-25,276.0,2300.0,100.0,2019.0,281.0,100.0,0.0,2300.0
FG-300-001,DC1000,2025-09-01,432.0,0.0,100.0,281.0,-151.0,100.0,0.0,0.0
FG-300-001,DC1000,2025-09-08,326.0,577.0,100.0,477.0,100.0,100.0,0.0,0.0
FG-300-001,DC1000,2025-09-15,288.0,288.0,100.0,288.0,100.0,100.0,0.0,0.0
FG-300-001,DC1000,2025-09-22,484.0,484.0,100.0,484.0,100.0,100.0,0.0,0.0
FG-300-001,DC1000,2025-09-29,720.0,720.0,100.0,720.0,100.0,100.0,0.0,0.0
FG-300-001,DC1000,2025-10-06,479.0,479.0,100.0,479.0,100.0,100.0,0.0,0.0
FG-300-001,DC1000,2025-10-13,366.0,366.0,100.0,366.0,100.0,100.0,0.0,0.0
FG-300-001,DC1000,2025-10-20,317.0,317.0,100.0,317.0,100.0,100.0,0.0,0.0
FG-300-001,DC1000,2025-10-27,802.0,802.0,100.0,802.0,100.0,100.0,0.0,0.0
FG-300-001,DC1000,2025-11-03,342.0,342.0,100.0,342.0,100.0,100.0,0.0,0.0
FG-300-001,DC1000,2025-11-10,410.0,410.0,100.0,410.0,100.0,100.0,0.0,0.0
FG-300-001,DC1000,2025-11-17,436.0,436.0,100.0,436.0,100.0,100.0,0.0,0.0
FG-300-001,DC1000,2025-11-24,449.0,449.0,100.0,449.0,100.0,100.0,0.0,0.0
FG-300-001,DC1000,2025-12-01,329.0,329.0,100.0,329.0,100.0,100.0,0.0,0.0
FG-300-001,DC1000,2025-12-08,311.0,311.0,100.0,311.0,100.0,100.0,0.0,0.0
FG-300-001,DC1000,2025-12-15,253.0,253.0,100.0,253.0,100.0,100.0,0.0,0.0
FG-300-001,DC1000,2025-12-22,251.0,251.0,100.0,251.0,100.0,100.0,0.0,0.0
FG-300-001,DC1000,2025-12-29,864.0,864.0,100.0,864.0,100.0,100.0,0.0,0.0
FG-300-001,DC1000,2026-01-05,477.0,477.0,100.0,477.0,100.0,100.0,0.0,0.0
FG-300-001,DC1000,2026-01-12,358.0,358.0,100.0,358.0,100.0,100.0,0.0,0.0
FG-300-001,DC1000,2026-01-19,316.0,316.0,100.0,316.0,100.0,100.0,0.0,0.0
FG-300-001,DC1000,2026-01-26,805.0,805.0,100.0,805.0,100.0,100.0,0.0,0.0
FG-300-001,DC1000,2026-02-02,267.0,267.0,100.0,267.0,100.0,100.0,0.0,0.0
FG-300-001,DC1000,2026-02-09,261.0,261.0,100.0,261.0,100.0,100.0,0.0,0.0
FG-300-001,DC1000,2026-02-16,363.0,363.0,100.0,363.0,100.0,100.0,0.0,0.0
FG-300-001,DC1000,2026-02-23,739.0,739.0,100.0,739.0,100.0,100.0,0.0,0.0
FG-300-001,DC1000,2026-03-02,385.0,385.0,100.0,385.0,100.0,100.0,0.0,0.0
FG-300-001,DC1000,2026-03-09,472.0,472.0,100.0,472.0,100.0,100.0,0.0,0.0
FG-300-001,DC1000,2026-03-16,435.0,435.0,100.0,435.0,100.0,100.0,0.0,0.0
FG-300-001,DC1000,2026-03-23,260.0,260.0,100.0,260.0,100.0,100.0,0.0,0.0
FG-300-001,DC1000,2026-03-30,817.0,817.0,100.0,817.0,100.0,100.0,0.0,0.0
FG-300-001,DC1000,2026-04-06,340.0,340.0,100.0,340.0,100.0,100.0,0.0,0.0
FG-300-001,DC1000,2026-04-13,316.0,316.0,100.0,316.0,100.0,100.0,0.0,0.0
FG-300-001,DC1000,2026-04-20,282.0,282.0,100.0,282.0,100.0,100.0,0.0,0.0
FG-300-001,DC1000,2026-04-27,935.0,935.0,100.0,935.0,100.0,100.0,0.0,0.0
FG-300-001,DC1000,2026-05-04,471.0,471.0,100.0,471.0,100.0,100.0,0.0,0.0
FG-300-001,DC1000,2026-05-11,270.0,270.0,100.0,270.0,100.0,100.0,0.0,0.0
FG-300-001,DC1000,2026-05-18,324.0,324.0,100.0,324.0,100.0,100.0,0.0,0.0
FG-300-001,DC1000,2026-05-25,464.0,464.0,100.0,464.0,100.0,100.0,0.0,0.0
FG-300-001,DC1000,2026-06-01,433.0,433.0,100.0,433.0,100.0,100.0,0.0,0.0
FG-300-001,DC1000,2026-06-08,349.0,349.0,100.0,349.0,100.0,100.0,0.0,0.0
FG-300-001,DC1000,2026-06-15,279.0,0.0,100.0,100.0,-179.0,100.0,0.0,0.0
FG-300-001,DC1000,2026-06-22,440.0,0.0,100.0,0.0,-619.0,100.0,0.0,0.0
FG-300-001,DC1000,2026-06-29,719.0,0.0,100.0,0.0,-1338.0,100.0,0.0,0.0
FG-300-001,DC1000,2026-07-06,293.0,0.0,100.0,0.0,-1631.0,100.0,0.0,0.0
FG-300-001,DC1000,2026-07-13,0.0,0.0,100.0,0.0,-1631.0,100.0,0.0,0.0
FG-400-001,DC1000,2025-07-21,291.0,0.0,100.0,291.0,409.0,100.0,700.0,0.0
FG-400-001,DC1000,2025-07-28,515.0,0.0,100.0,409.0,-106.0,100.0,0.0,0.0
FG-400-001,DC1000,2025-08-04,251.0,0.0,100.0,0.0,-357.0,100.0,0.0,0.0
FG-400-001,DC1000,2025-08-11,391.0,0.0,100.0,0.0,-748.0,100.0,0.0,0.0
FG-400-001,DC1000,2025-08-18,477.0,0.0,100.0,0.0,-1225.0,100.0,0.0,0.0
FG-400-001,DC1000,2025-08-25,308.0,1365.0,100.0,1365.0,-168.0,100.0,0.0,0.0
FG-400-001,DC1000,2025-09-01,328.0,496.0,100.0,496.0,0.0,100.0,0.0,0.0
FG-400-001,DC1000,2025-09-08,469.0,0.0,100.0,0.0,-469.0,100.0,0.0,0.0
FG-400-001,DC1000,2025-09-15,418.0,0.0,100.0,0.0,-887.0,100.0,0.0,0.0
FG-400-001,DC1000,2025-09-22,267.0,887.0,100.0,887.0,-267.0,100.0,0.0,0.0
FG-400-001,DC1000,2025-09-29,805.0,698.0,100.0,698.0,-374.0,100.0,0.0,0.0
FG-400-001,DC1000,2025-10-06,250.0,624.0,100.0,624.0,0.0,100.0,0.0,0.0
FG-400-001,DC1000,2025-10-13,375.0,375.0,100.0,375.0,0.0,100.0,0.0,0.0
FG-400-001,DC1000,2025-10-20,478.0,478.0,100.0,478.0,0.0,100.0,0.0,0.0
FG-400-001,DC1000,2025-10-27,790.0,790.0,100.0,790.0,0.0,100.0,0.0,0.0
FG-400-001,DC1000,2025-11-03,275.0,275.0,100.0,275.0,0.0,100.0,0.0,0.0
FG-400-001,DC1000,2025-11-10,292.0,292.0,100.0,292.0,0.0,100.0,0.0,0.0
FG-400-001,DC1000,2025-11-17,336.0,336.0,100.0,336.0,0.0,100.0,0.0,0.0
FG-400-001,DC1000,2025-11-24,446.0,351.0,100.0,351.0,-95.0,100.0,0.0,0.0
FG-400-001,DC1000,2025-12-01,334.0,315.0,100.0,315.0,-114.0,100.0,0.0,0.0
FG-400-001,DC1000,2025-12-08,338.0,147.0,100.0,147.0,-305.0,100.0,0.0,0.0
FG-400-001,DC1000,2025-12-15,295.0,600.0,100.0,600.0,0.0,100.0,0.0,0.0
FG-400-001,DC1000,2025-12-22,272.0,372.0,100.0,272.0,100.0,100.0,0.0,0.0
FG-400-001,DC1000,2025-12-29,707.0,707.0,100.0,707.0,100.0,100.0,0.0,0.0
FG-400-001,DC1000,2026-01-05,316.0,316.0,100.0,316.0,100.0,100.0,0.0,0.0
FG-400-001,DC1000,2026-01-12,334.0,334.0,100.0,334.0,100.0,100.0,0.0,0.0
FG-400-001,DC1000,2026-01-19,265.0,265.0,100.0,265.0,100.0,100.0,0.0,0.0
FG-400-001,DC1000,2026-01-26,694.0,694.0,100.0,694.0,100.0,100.0,0.0,0.0
FG-400-001,DC1000,2026-02-02,479.0,479.0,100.0,479.0,100.0,100.0,0.0,0.0
FG-400-001,DC1000,2026-02-09,337.0,337.0,100.0,337.0,100.0,100.0,0.0,0.0
FG-400-001,DC1000,2026-02-16,491.0,491.0,100.0,491.0,100.0,100.0,0.0,0.0
FG-400-001,DC1000,2026-02-23,706.0,706.0,100.0,706.0,100.0,100.0,0.0,0.0
FG-400-001,DC1000,2026-03-02,455.0,455.0,100.0,455.0,100.0,100.0,0.0,0.0
FG-400-001,DC1000,2026-03-09,442.0,442.0,100.0,442.0,100.0,100.0,0.0,0.0
FG-400-001,DC1000,2026-03-16,392.0,392.0,100.0,392.0,100.0,100.0,0.0,0.0
FG-400-001,DC1000,2026-03-23,308.0,308.0,100.0,308.0,100.0,100.0,0.0,0.0
FG-400-001,DC1000,2026-03-30,715.0,715.0,100.0,715.0,100.0,100.0,0.0,0.0
FG-400-001,DC1000,2026-04-06,374.0,374.0,100.0,374.0,100.0,100.0,0.0,0.0
FG-400-001,DC1000,2026-04-13,368.0,368.0,100.0,368.0,100.0,100.0,0.0,0.0
FG-400-001,DC1000,2026-04-20,330.0,330.0,100.0,330.0,100.0,100.0,0.0,0.0
FG-400-001,DC1000,2026-04-27,707.0,707.0,100.0,707.0,100.0,100.0,0.0,0.0
FG-400-001,DC1000,2026-05-04,306.0,306.0,100.0,306.0,100.0,100.0,0.0,0.0
FG-400-001,DC1000,2026-05-11,386.0,386.0,100.0,386.0,100.0,100.0,0.0,0.0
FG-400-001,DC1000,2026-05-18,301.0,301.0,100.0,301.0,100.0,100.0,0.0,0.0
FG-400-001,DC1000,2026-05-25,353.0,353.0,100.0,353.0,100.0,100.0,0.0,0.0
FG-400-001,DC1000,2026-06-01,263.0,263.0,100.0,263.0,100.0,100.0,0.0,0.0
FG-400-001,DC1000,2026-06-08,354.0,354.0,100.0,354.0,100.0,100.0,0.0,0.0
FG-400-001,DC1000,2026-06-15,285.0,285.0,100.0,285.0,100.0,100.0,0.0,0.0
FG-400-001,DC1000,2026-06-22,262.0,262.0,100.0,262.0,100.0,100.0,0.0,0.0
FG-400-001,DC1000,2026-06-29,730.0,730.0,100.0,730.0,100.0,100.0,0.0,0.0
FG-400-001,DC1000,2026-07-06,481.0,481.0,100.0,481.0,100.0,100.0,0.0,0.0
FG-400-001,DC1000,2026-07-13,0.0,0.0,100.0,0.0,100.0,100.0,0.0,0.0
FG-400-001,DC2000,2025-07-21,271.0,0.0,100.0,271.0,229.0,100.0,500.0,0.0
FG-400-001,DC2000,2025-07-28,369.0,0.0,100.0,229.0,-140.0,100.0,0.0,0.0
FG-400-001,DC2000,2025-08-04,280.0,0.0,100.0,0.0,-420.0,100.0,0.0,0.0
FG-400-001,DC2000,2025-08-11,453.0,0.0,100.0,0.0,-873.0,100.0,0.0,0.0
FG-400-001,DC2000,2025-08-18,477.0,0.0,100.0,0.0,-1350.0,100.0,0.0,0.0
FG-400-001,DC2000,2025-08-25,435.0,1785.0,100.0,1785.0,0.0,100.0,0.0,0.0
FG-400-001,DC2000,2025-09-01,481.0,504.0,100.0,481.0,23.0,100.0,0.0,0.0
FG-400-001,DC2000,2025-09-08,334.0,0.0,100.0,23.0,-311.0,100.0,0.0,0.0
FG-400-001,DC2000,2025-09-15,380.0,0.0,100.0,0.0,-691.0,100.0,0.0,0.0
FG-400-001,DC2000,2025-09-22,461.0,1113.0,100.0,1113.0,-39.0,100.0,0.0,0.0
FG-400-001,DC2000,2025-09-29,763.0,802.0,100.0,802.0,0.0,100.0,0.0,0.0
FG-400-001,DC2000,2025-10-06,492.0,492.0,100.0,492.0,0.0,100.0,0.0,0.0
FG-400-001,DC2000,2025-10-13,358.0,358.0,100.0,358.0,0.0,100.0,0.0,0.0
FG-400-001,DC2000,2025-10-20,406.0,406.0,100.0,406.0,0.0,100.0,0.0,0.0
FG-400-001,DC2000,2025-10-27,610.0,610.0,100.0,610.0,0.0,100.0,0.0,0.0
FG-400-001,DC2000,2025-11-03,354.0,354.0,100.0,354.0,0.0,100.0,0.0,0.0
FG-400-001,DC2000,2025-11-10,473.0,473.0,100.0,473.0,0.0,100.0,0.0,0.0
FG-400-001,DC2000,2025-11-17,337.0,337.0,100.0,337.0,0.0,100.0,0.0,0.0
FG-400-001,DC2000,2025-11-24,349.0,349.0,100.0,349.0,0.0,100.0,0.0,0.0
FG-400-001,DC2000,2025-12-01,485.0,485.0,100.0,485.0,0.0,100.0,0.0,0.0
FG-400-001,DC2000,2025-12-08,453.0,453.0,100.0,453.0,0.0,100.0,0.0,0.0
FG-400-001,DC2000,2025-12-15,392.0,400.0,100.0,392.0,8.0,100.0,0.0,0.0
FG-400-001,DC2000,2025-12-22,285.0,377.0,100.0,285.0,100.0,100.0,0.0,0.0
FG-400-001,DC2000,2025-12-29,954.0,954.0,100.0,954.0,100.0,100.0,0.0,0.0
FG-400-001,DC2000,2026-01-05,308.0,308.0,100.0,308.0,100.0,100.0,0.0,0.0
FG-400-001,DC2000,2026-01-12,415.0,415.0,100.0,415.0,100.0,100.0,0.0,0.0
FG-400-001,DC2000,2026-01-19,424.0,424.0,100.0,424.0,100.0,100.0,0.0,0.0
FG-400-001,DC2000,2026-01-26,721.0,721.0,100.0,721.0,100.0,100.0,0.0,0.0
FG-400-001,DC2000,2026-02-02,377.0,377.0,100.0,377.0,100.0,100.0,0.0,0.0
FG-400-001,DC2000,2026-02-09,407.0,407.0,100.0,407.0,100.0,100.0,0.0,0.0
FG-400-001,DC2000,2026-02-16,402.0,402.0,100.0,402.0,100.0,100.0,0.0,0.0
FG-400-001,DC2000,2026-02-23,616.0,616.0,100.0,616.0,100.0,100.0,0.0,0.0
FG-400-001,DC2000,2026-03-02,434.0,434.0,100.0,434.0,100.0,100.0,0.0,0.0
FG-400-001,DC2000,2026-03-09,321.0,321.0,100.0,321.0,100.0,100.0,0.0,0.0
FG-400-001,DC2000,2026-03-16,411.0,411.0,100.0,411.0,100.0,100.0,0.0,0.0
FG-400-001,DC2000,2026-03-23,482.0,482.0,100.0,482.0,100.0,100.0,0.0,0.0
FG-400-001,DC2000,2026-03-30,742.0,742.0,100.0,742.0,100.0,100.0,0.0,0.0
FG-400-001,DC2000,2026-04-06,440.0,440.0,100.0,440.0,100.0,100.0,0.0,0.0
FG-400-001,DC2000,2026-04-13,485.0,485.0,100.0,485.0,100.0,100.0,0.0,0.0
FG-400-001,DC2000,2026-04-20,285.0,285.0,100.0,285.0,100.0,100.0,0.0,0.0
FG-400-001,DC2000,2026-04-27,544.0,544.0,100.0,544.0,100.0,100.0,0.0,0.0
FG-400-001,DC2000,2026-05-04,291.0,291.0,100.0,291.0,100.0,100.0,0.0,0.0
FG-400-001,DC2000,2026-05-11,388.0,388.0,100.0,388.0,100.0,100.0,0.0,0.0
FG-400-001,DC2000,2026-05-18,294.0,294.0,100.0,294.0,100.0,100.0,0.0,0.0
FG-400-001,DC2000,2026-05-25,328.0,328.0,100.0,328.0,100.0,100.0,0.0,0.0
FG-400-001,DC2000,2026-06-01,449.0,449.0,100.0,449.0,100.0,100.0,0.0,0.0
FG-400-001,DC2000,2026-06-08,321.0,321.0,100.0,321.0,100.0,100.0,0.0,0.0
FG-400-001,DC2000,2026-06-15,490.0,490.0,100.0,490.0,100.0,100.0,0.0,0.0
FG-400-001,DC2000,2026-06-22,398.0,398.0,100.0,398.0,100.0,100.0,0.0,0.0
FG-400-001,DC2000,2026-06-29,705.0,705.0,100.0,705.0,100.0,100.0,0.0,0.0
FG-400-001,DC2000,2026-07-06,303.0,303.0,100.0,303.0,100.0,100.0,0.0,0.0
FG-400-001,DC2000,2026-07-13,0.0,0.0,100.0,0.0,100.0,100.0,0.0,0.0
FG-400-001,RDC1000,2025-07-21,106.0,0.0,100.0,0.0,-106.0,100.0,0.0,0.0
FG-400-001,RDC1000,2025-07-28,471.0,0.0,100.0,0.0,-577.0,100.0,0.0,0.0
FG-400-001,RDC1000,2025-08-04,844.0,0.0,100.0,0.0,-1421.0,100.0,0.0,0.0
FG-400-001,RDC1000,2025-08-11,954.0,0.0,100.0,0.0,-2375.0,100.0,0.0,0.0
FG-400-001,RDC1000,2025-08-18,743.0,3150.0,100.0,3150.0,32.0,100.0,0.0,0.0
FG-400-001,RDC1000,2025-08-25,809.0,1000.0,100.0,1000.0,223.0,100.0,0.0,0.0
FG-400-001,RDC1000,2025-09-01,803.0,0.0,100.0,0.0,-580.0,100.0,0.0,0.0
FG-400-001,RDC1000,2025-09-08,798.0,0.0,100.0,0.0,-1378.0,100.0,0.0,0.0
FG-400-001,RDC1000,2025-09-15,728.0,2000.0,100.0,2000.0,-106.0,100.0,0.0,0.0
FG-400-001,RDC1000,2025-09-22,1568.0,1500.0,100.0,1500.0,-174.0,100.0,0.0,0.0
FG-400-001,RDC1000,2025-09-29,742.0,1116.0,100.0,1116.0,200.0,100.0,0.0,0.0
FG-400-001,RDC1000,2025-10-06,733.0,733.0,100.0,733.0,200.0,100.0,0.0,0.0
FG-400-001,RDC1000,2025-10-13,884.0,884.0,100.0,884.0,200.0,100.0,0.0,0.0
FG-400-001,RDC1000,2025-10-20,1400.0,1400.0,100.0,1400.0,200.0,100.0,0.0,0.0
FG-400-001,RDC1000,2025-10-27,629.0,629.0,100.0,629.0,200.0,100.0,0.0,0.0
FG-400-001,RDC1000,2025-11-03,765.0,765.0,100.0,765.0,200.0,100.0,0.0,0.0
FG-400-001,RDC1000,2025-11-10,673.0,673.0,100.0,673.0,200.0,100.0,0.0,0.0
FG-400-001,RDC1000,2025-11-17,795.0,700.0,100.0,700.0,105.0,100.0,0.0,0.0
FG-400-001,RDC1000,2025-11-24,819.0,800.0,100.0,800.0,86.0,100.0,0.0,0.0
FG-400-001,RDC1000,2025-12-01,791.0,600.0,100.0,600.0,-105.0,100.0,0.0,0.0
FG-400-001,RDC1000,2025-12-08,687.0,1000.0,100.0,1000.0,208.0,100.0,0.0,0.0
FG-400-001,RDC1000,2025-12-15,557.0,849.0,100.0,749.0,500.0,100.0,0.0,0.0
FG-400-001,RDC1000,2025-12-22,1661.0,1651.0,100.0,1661.0,490.0,100.0,0.0,0.0
FG-400-001,RDC1000,2025-12-29,624.0,634.0,100.0,624.0,500.0,100.0,0.0,0.0
FG-400-001,RDC1000,2026-01-05,749.0,749.0,100.0,749.0,500.0,100.0,0.0,0.0
FG-400-001,RDC1000,2026-01-12,689.0,689.0,100.0,689.0,500.0,100.0,0.0,0.0
FG-400-001,RDC1000,2026-01-19,1415.0,1415.0,100.0,1415.0,500.0,100.0,0.0,0.0
FG-400-001,RDC1000,2026-01-26,856.0,856.0,100.0,856.0,500.0,100.0,0.0,0.0
FG-400-001,RDC1000,2026-02-02,744.0,744.0,100.0,744.0,500.0,100.0,0.0,0.0
FG-400-001,RDC1000,2026-02-09,893.0,893.0,100.0,893.0,500.0,100.0,0.0,0.0
FG-400-001,RDC1000,2026-02-16,1322.0,1322.0,100.0,1322.0,500.0,100.0,0.0,0.0
FG-400-001,RDC1000,2026-02-23,889.0,889.0,100.0,889.0,500.0,100.0,0.0,0.0
FG-400-001,RDC1000,2026-03-02,763.0,763.0,100.0,763.0,500.0,100.0,0.0,0.0
FG-400-001,RDC1000,2026-03-09,803.0,803.0,100.0,803.0,500.0,100.0,0.0,0.0
FG-400-001,RDC1000,2026-03-16,790.0,790.0,100.0,790.0,500.0,100.0,0.0,0.0
FG-400-001,RDC1000,2026-03-23,1457.0,1457.0,100.0,1457.0,500.0,100.0,0.0,0.0
FG-400-001,RDC1000,2026-03-30,814.0,814.0,100.0,814.0,500.0,100.0,0.0,0.0
FG-400-001,RDC1000,2026-04-06,853.0,853.0,100.0,853.0,500.0,100.0,0.0,0.0
FG-400-001,RDC1000,2026-04-13,615.0,615.0,100.0,615.0,500.0,100.0,0.0,0.0
FG-400-001,RDC1000,2026-04-20,1251.0,1251.0,100.0,1251.0,500.0,100.0,0.0,0.0
FG-400-001,RDC1000,2026-04-27,597.0,597.0,100.0,597.0,500.0,100.0,0.0,0.0
FG-400-001,RDC1000,2026-05-04,774.0,774.0,100.0,774.0,500.0,100.0,0.0,0.0
FG-400-001,RDC1000,2026-05-11,595.0,595.0,100.0,595.0,500.0,100.0,0.0,0.0
FG-400-001,RDC1000,2026-05-18,681.0,681.0,100.0,681.0,500.0,100.0,0.0,0.0
FG-400-001,RDC1000,2026-05-25,712.0,712.0,100.0,712.0,500.0,100.0,0.0,0.0
FG-400-001,RDC1000,2026-06-01,675.0,675.0,100.0,675.0,500.0,100.0,0.0,0.0
FG-400-001,RDC1000,2026-06-08,775.0,775.0,100.0,775.0,500.0,100.0,0.0,0.0
FG-400-001,RDC1000,2026-06-15,660.0,660.0,100.0,660.0,500.0,100.0,0.0,0.0
FG-400-001,RDC1000,2026-06-22,1435.0,1435.0,100.0,1435.0,500.0,100.0,0.0,0.0
FG-400-001,RDC1000,2026-06-29,784.0,784.0,100.0,784.0,500.0,100.0,0.0,0.0
FG-400-001,RDC1000,2026-07-06,0.0,0.0,100.0,0.0,500.0,100.0,0.0,0.0
FG-400-001,RDC1000,2026-07-13,0.0,0.0,100.0,0.0,500.0,100.0,0.0,0.0
